flowX,flowY,Vx,Vy,FPS,time
-66,-29,0,2.46227
-53,-23,0.425634,2.62124
